# ts	name	state	note
2026-06-10T11:29:02	seg-power-users	launched	pre-existing
2026-06-10T11:29:46	seg-knowledge-workers	launched	approved
2026-06-10T11:30:31	seg-neurodivergent-adhd	launched	approved
2026-06-10T11:31:16	seg-privacy-advocates	launched	approved
2026-06-10T11:32:01	seg-ai-agent-builders	launched	approved
2026-06-10T11:42:55	seg-power-users	done	completed
2026-06-10T11:46:40	seg-knowledge-workers	done	completed
2026-06-10T11:47:55	seg-neurodivergent-adhd	done	completed
2026-06-10T11:52:32	seg-privacy-advocates	done	wave1-brief-on-disk
2026-06-10T11:52:32	seg-ai-agent-builders	done	wave1-brief-on-disk
# ts	name	state	note
2026-06-10T11:53:32	comp-ai-browsers	launched	approved
2026-06-10T11:54:18	comp-power-user-browsers	launched	approved
2026-06-10T11:55:03	comp-customization-forks	launched	approved
2026-06-10T11:55:48	comp-privacy-browsers	launched	approved
2026-06-10T11:56:34	comp-ai-ext-agentinfra	launched	approved
2026-06-10T11:59:32	comp-ai-browsers	done	completed
2026-06-10T12:05:51	comp-power-user-browsers	done	wave2-brief-on-disk
2026-06-10T12:05:51	comp-customization-forks	done	wave2-brief-on-disk
2026-06-10T12:05:51	comp-privacy-browsers	done	wave2-brief-on-disk
2026-06-10T12:05:51	comp-ai-ext-agentinfra	done	wave2-brief-on-disk
# ts	name	state	note
2026-06-10T12:06:53	comp-knowledge-focus-tools	launched	approved
2026-06-10T12:07:38	mkt-browser-trends	launched	approved
2026-06-10T12:08:24	mkt-adhd-econ-evidence	launched	approved
2026-06-10T12:09:10	mkt-local-first-ai	launched	approved
2026-06-10T12:09:58	mkt-automation-sync	launched	approved
2026-06-10T12:16:18	comp-knowledge-focus-tools	done	completed
2026-06-10T12:24:38	mkt-browser-trends	done	completed
2026-06-10T12:26:43	mkt-adhd-econ-evidence	done	completed
2026-06-10T12:29:38	mkt-local-first-ai	done	completed
2026-06-10T12:31:43	mkt-automation-sync	done	completed
2026-06-10T12:32:26	tech-engine-decision	launched	approved
2026-06-10T12:33:12	tech-ai-control-ipc	launched	approved
2026-06-10T12:33:58	tech-selfhost-p2p-sync	launched	approved
2026-06-10T12:34:44	syn-whitespace-gaps	launched	approved
2026-06-10T12:35:30	syn-redteam-risk	launched	approved
2026-06-10T12:40:08	tech-engine-decision	done	completed
2026-06-10T12:45:58	tech-ai-control-ipc	done	session-exited
2026-06-10T12:45:58	tech-selfhost-p2p-sync	done	session-exited
2026-06-10T12:45:58	syn-whitespace-gaps	done	session-exited
2026-06-10T12:45:58	syn-redteam-risk	done	session-exited
